File_Path,Labels
./vgg_face2/n000129/0134_01.jpg,1
./vgg_face2/n000129/0583_01.jpg,1
./vgg_face2/n000129/0019_01.jpg,1
./vgg_face2/n000129/0392_01.jpg,1
./vgg_face2/n000129/0308_01.jpg,1
./vgg_face2/n000129/0599_01.jpg,1
./vgg_face2/n000129/0617_03.jpg,1
./vgg_face2/n000129/0248_01.jpg,1
./vgg_face2/n000129/0304_01.jpg,1
./vgg_face2/n000129/0084_01.jpg,1
./vgg_face2/n000129/0223_01.jpg,1
./vgg_face2/n000129/0466_01.jpg,1
./vgg_face2/n000129/0141_01.jpg,1
./vgg_face2/n000129/0297_01.jpg,1
./vgg_face2/n000129/0461_01.jpg,1
./vgg_face2/n000129/0102_01.jpg,1
./vgg_face2/n000129/0016_01.jpg,1
./vgg_face2/n000129/0232_01.jpg,1
./vgg_face2/n000129/0619_01.jpg,1
./vgg_face2/n000129/0226_02.jpg,1
./vgg_face2/n000129/0227_01.jpg,1
./vgg_face2/n000129/0283_01.jpg,1
./vgg_face2/n000129/0343_02.jpg,1
./vgg_face2/n000129/0022_01.jpg,1
./vgg_face2/n000129/0407_01.jpg,1
./vgg_face2/n000129/0230_01.jpg,1
./vgg_face2/n000129/0417_01.jpg,1
./vgg_face2/n000129/0191_01.jpg,1
./vgg_face2/n000129/0322_01.jpg,1
./vgg_face2/n000129/0372_03.jpg,1
./vgg_face2/n000129/0562_01.jpg,1
./vgg_face2/n000129/0451_01.jpg,1
./vgg_face2/n000129/0085_02.jpg,1
./vgg_face2/n000129/0115_01.jpg,1
./vgg_face2/n000129/0621_02.jpg,1
./vgg_face2/n000129/0476_01.jpg,1
./vgg_face2/n000129/0464_02.jpg,1
./vgg_face2/n000129/0222_01.jpg,1
./vgg_face2/n000129/0575_02.jpg,1
./vgg_face2/n000129/0477_01.jpg,1
./vgg_face2/n000129/0253_01.jpg,1
./vgg_face2/n000129/0170_01.jpg,1
./vgg_face2/n000129/0327_01.jpg,1
./vgg_face2/n000129/0269_01.jpg,1
./vgg_face2/n000129/0483_01.jpg,1
./vgg_face2/n000129/0359_01.jpg,1
./vgg_face2/n000129/0373_01.jpg,1
./vgg_face2/n000129/0044_01.jpg,1
./vgg_face2/n000129/0176_01.jpg,1
./vgg_face2/n000129/0271_01.jpg,1
./vgg_face2/n000129/0158_01.jpg,1
./vgg_face2/n000129/0487_01.jpg,1
./vgg_face2/n000129/0164_01.jpg,1
./vgg_face2/n000129/0155_01.jpg,1
./vgg_face2/n000129/0509_01.jpg,1
./vgg_face2/n000129/0303_01.jpg,1
./vgg_face2/n000129/0001_01.jpg,1
./vgg_face2/n000129/0341_03.jpg,1
./vgg_face2/n000129/0013_04.jpg,1
./vgg_face2/n000129/0202_02.jpg,1
./vgg_face2/n000129/0140_01.jpg,1
./vgg_face2/n000129/0490_01.jpg,1
./vgg_face2/n000129/0112_01.jpg,1
./vgg_face2/n000129/0244_01.jpg,1
./vgg_face2/n000129/0233_02.jpg,1
./vgg_face2/n000129/0027_01.jpg,1
./vgg_face2/n000129/0068_01.jpg,1
./vgg_face2/n000129/0132_02.jpg,1
./vgg_face2/n000129/0063_02.jpg,1
./vgg_face2/n000129/0608_01.jpg,1
./vgg_face2/n000129/0671_10.jpg,1
./vgg_face2/n000129/0092_01.jpg,1
./vgg_face2/n000129/0323_01.jpg,1
./vgg_face2/n000129/0315_01.jpg,1
./vgg_face2/n000129/0236_01.jpg,1
./vgg_face2/n000129/0131_01.jpg,1
./vgg_face2/n000129/0390_01.jpg,1
./vgg_face2/n000129/0062_01.jpg,1
./vgg_face2/n000129/0292_01.jpg,1
./vgg_face2/n000129/0182_01.jpg,1
./vgg_face2/n000129/0270_01.jpg,1
./vgg_face2/n000129/0406_01.jpg,1
./vgg_face2/n000129/0332_03.jpg,1
./vgg_face2/n000129/0622_02.jpg,1
./vgg_face2/n000129/0277_02.jpg,1
./vgg_face2/n000129/0093_01.jpg,1
./vgg_face2/n000129/0414_01.jpg,1
./vgg_face2/n000129/0011_01.jpg,1
./vgg_face2/n000129/0152_01.jpg,1
./vgg_face2/n000129/0615_01.jpg,1
./vgg_face2/n000129/0154_01.jpg,1
./vgg_face2/n000129/0040_01.jpg,1
./vgg_face2/n000129/0469_02.jpg,1
./vgg_face2/n000129/0118_01.jpg,1
./vgg_face2/n000129/0151_01.jpg,1
./vgg_face2/n000129/0204_01.jpg,1
./vgg_face2/n000129/0168_01.jpg,1
./vgg_face2/n000129/0492_01.jpg,1
./vgg_face2/n000129/0433_01.jpg,1
./vgg_face2/n000129/0561_01.jpg,1
./vgg_face2/n000129/0046_01.jpg,1
./vgg_face2/n000129/0265_01.jpg,1
./vgg_face2/n000129/0504_01.jpg,1
./vgg_face2/n000129/0284_01.jpg,1
./vgg_face2/n000129/0048_01.jpg,1
./vgg_face2/n000129/0145_01.jpg,1
./vgg_face2/n000129/0404_01.jpg,1
./vgg_face2/n000129/0077_01.jpg,1
./vgg_face2/n000129/0266_01.jpg,1
./vgg_face2/n000129/0415_01.jpg,1
./vgg_face2/n000129/0083_01.jpg,1
./vgg_face2/n000129/0144_01.jpg,1
./vgg_face2/n000129/0520_01.jpg,1
./vgg_face2/n000129/0505_01.jpg,1
./vgg_face2/n000129/0174_01.jpg,1
./vgg_face2/n000129/0146_01.jpg,1
./vgg_face2/n000129/0015_01.jpg,1
./vgg_face2/n000129/0481_01.jpg,1
./vgg_face2/n000129/0330_01.jpg,1
./vgg_face2/n000129/0045_01.jpg,1
./vgg_face2/n000129/0136_01.jpg,1
./vgg_face2/n000129/0616_01.jpg,1
./vgg_face2/n000129/0473_01.jpg,1
./vgg_face2/n000129/0074_01.jpg,1
./vgg_face2/n000129/0333_01.jpg,1
./vgg_face2/n000129/0133_01.jpg,1
./vgg_face2/n000129/0629_01.jpg,1
./vgg_face2/n000129/0203_01.jpg,1
./vgg_face2/n000129/0321_01.jpg,1
./vgg_face2/n000129/0111_01.jpg,1
./vgg_face2/n000129/0237_01.jpg,1
./vgg_face2/n000129/0009_01.jpg,1
./vgg_face2/n000129/0393_01.jpg,1
./vgg_face2/n000129/0503_01.jpg,1
./vgg_face2/n000129/0002_01.jpg,1
./vgg_face2/n000129/0396_02.jpg,1
./vgg_face2/n000129/0207_01.jpg,1
./vgg_face2/n000129/0457_01.jpg,1
./vgg_face2/n000129/0612_01.jpg,1
./vgg_face2/n000129/0496_01.jpg,1
./vgg_face2/n000129/0355_01.jpg,1
./vgg_face2/n000129/0479_01.jpg,1
./vgg_face2/n000129/0416_01.jpg,1
./vgg_face2/n000129/0362_01.jpg,1
./vgg_face2/n000129/0034_01.jpg,1
./vgg_face2/n000129/0428_01.jpg,1
./vgg_face2/n000129/0388_01.jpg,1
./vgg_face2/n000129/0514_01.jpg,1
./vgg_face2/n000129/0430_02.jpg,1
./vgg_face2/n000129/0369_01.jpg,1
./vgg_face2/n000129/0208_01.jpg,1
./vgg_face2/n000129/0056_01.jpg,1
./vgg_face2/n000129/0018_01.jpg,1
./vgg_face2/n000129/0214_01.jpg,1
./vgg_face2/n000129/0565_01.jpg,1
./vgg_face2/n000129/0205_01.jpg,1
./vgg_face2/n000129/0023_01.jpg,1
./vgg_face2/n000129/0239_01.jpg,1
./vgg_face2/n000129/0574_03.jpg,1
./vgg_face2/n000129/0336_01.jpg,1
./vgg_face2/n000129/0589_02.jpg,1
./vgg_face2/n000129/0268_01.jpg,1
./vgg_face2/n000129/0096_01.jpg,1
./vgg_face2/n000129/0584_01.jpg,1
./vgg_face2/n000129/0246_01.jpg,1
./vgg_face2/n000129/0634_01.jpg,1
./vgg_face2/n000129/0597_02.jpg,1
./vgg_face2/n000129/0052_01.jpg,1
./vgg_face2/n000129/0017_01.jpg,1
./vgg_face2/n000129/0272_01.jpg,1
./vgg_face2/n000129/0286_01.jpg,1
./vgg_face2/n000129/0497_02.jpg,1
./vgg_face2/n000129/0465_03.jpg,1
./vgg_face2/n000129/0363_01.jpg,1
./vgg_face2/n000129/0486_01.jpg,1
./vgg_face2/n000129/0458_03.jpg,1
./vgg_face2/n000129/0082_01.jpg,1
./vgg_face2/n000129/0071_01.jpg,1
./vgg_face2/n000129/0533_03.jpg,1
./vgg_face2/n000129/0057_01.jpg,1
./vgg_face2/n000129/0573_01.jpg,1
./vgg_face2/n000129/0586_02.jpg,1
./vgg_face2/n000129/0228_02.jpg,1
./vgg_face2/n000129/0212_01.jpg,1
./vgg_face2/n000129/0425_01.jpg,1
./vgg_face2/n000129/0047_01.jpg,1
./vgg_face2/n000129/0278_01.jpg,1
./vgg_face2/n000129/0475_03.jpg,1
./vgg_face2/n000129/0426_01.jpg,1
./vgg_face2/n000129/0061_01.jpg,1
./vgg_face2/n000129/0501_02.jpg,1
./vgg_face2/n000129/0434_01.jpg,1
./vgg_face2/n000129/0316_01.jpg,1
./vgg_face2/n000129/0350_01.jpg,1
./vgg_face2/n000129/0149_01.jpg,1
./vgg_face2/n000129/0618_01.jpg,1
./vgg_face2/n000129/0012_01.jpg,1
./vgg_face2/n000129/0243_01.jpg,1
./vgg_face2/n000129/0030_01.jpg,1
./vgg_face2/n000129/0078_01.jpg,1
./vgg_face2/n000129/0609_02.jpg,1
./vgg_face2/n000129/0224_01.jpg,1
./vgg_face2/n000129/0139_01.jpg,1
./vgg_face2/n000129/0440_01.jpg,1
./vgg_face2/n000129/0606_01.jpg,1
./vgg_face2/n000129/0452_01.jpg,1
./vgg_face2/n000129/0446_01.jpg,1
./vgg_face2/n000129/0192_01.jpg,1
./vgg_face2/n000129/0507_01.jpg,1
./vgg_face2/n000129/0377_01.jpg,1
./vgg_face2/n000129/0411_01.jpg,1
./vgg_face2/n000129/0178_01.jpg,1
./vgg_face2/n000129/0295_01.jpg,1
./vgg_face2/n000129/0585_01.jpg,1
./vgg_face2/n000129/0097_01.jpg,1
./vgg_face2/n000129/0559_01.jpg,1
./vgg_face2/n000129/0310_01.jpg,1
./vgg_face2/n000129/0254_01.jpg,1
./vgg_face2/n000129/0305_02.jpg,1
./vgg_face2/n000129/0398_01.jpg,1
./vgg_face2/n000129/0445_01.jpg,1
./vgg_face2/n000129/0086_01.jpg,1
./vgg_face2/n000129/0089_01.jpg,1
./vgg_face2/n000129/0216_01.jpg,1
./vgg_face2/n000129/0412_01.jpg,1
./vgg_face2/n000129/0299_02.jpg,1
./vgg_face2/n000129/0471_01.jpg,1
./vgg_face2/n000129/0467_01.jpg,1
./vgg_face2/n000129/0185_01.jpg,1
./vgg_face2/n000129/0340_01.jpg,1
./vgg_face2/n000129/0470_01.jpg,1
./vgg_face2/n000129/0029_01.jpg,1
./vgg_face2/n000129/0020_01.jpg,1
./vgg_face2/n000129/0614_05.jpg,1
./vgg_face2/n000129/0587_01.jpg,1
./vgg_face2/n000129/0331_01.jpg,1
./vgg_face2/n000129/0280_01.jpg,1
./vgg_face2/n000129/0309_01.jpg,1
./vgg_face2/n000129/0508_01.jpg,1
./vgg_face2/n000129/0413_02.jpg,1
./vgg_face2/n000129/0431_01.jpg,1
./vgg_face2/n000129/0200_01.jpg,1
./vgg_face2/n000129/0003_01.jpg,1
./vgg_face2/n000129/0215_01.jpg,1
./vgg_face2/n000129/0099_01.jpg,1
./vgg_face2/n000129/0066_01.jpg,1
./vgg_face2/n000129/0604_02.jpg,1
./vgg_face2/n000129/0211_01.jpg,1
./vgg_face2/n000129/0342_01.jpg,1
./vgg_face2/n000129/0337_01.jpg,1
./vgg_face2/n000129/0167_01.jpg,1
./vgg_face2/n000129/0260_02.jpg,1
./vgg_face2/n000129/0346_01.jpg,1
./vgg_face2/n000129/0274_01.jpg,1
./vgg_face2/n000129/0285_01.jpg,1
./vgg_face2/n000129/0493_01.jpg,1
./vgg_face2/n000129/0517_01.jpg,1
./vgg_face2/n000129/0620_01.jpg,1
./vgg_face2/n000129/0138_02.jpg,1
./vgg_face2/n000129/0454_03.jpg,1
./vgg_face2/n000129/0177_03.jpg,1
./vgg_face2/n000129/0273_01.jpg,1
./vgg_face2/n000129/0263_01.jpg,1
./vgg_face2/n000129/0611_01.jpg,1
./vgg_face2/n000129/0137_01.jpg,1
./vgg_face2/n000129/0302_01.jpg,1
./vgg_face2/n000129/0038_01.jpg,1
./vgg_face2/n000129/0135_01.jpg,1
./vgg_face2/n000129/0117_01.jpg,1
./vgg_face2/n000129/0014_01.jpg,1
./vgg_face2/n000129/0530_02.jpg,1
./vgg_face2/n000129/0324_01.jpg,1
./vgg_face2/n000129/0122_01.jpg,1
./vgg_face2/n000129/0196_01.jpg,1
./vgg_face2/n000129/0186_01.jpg,1
./vgg_face2/n000129/0110_01.jpg,1
./vgg_face2/n000129/0382_01.jpg,1
./vgg_face2/n000129/0090_02.jpg,1
./vgg_face2/n000129/0075_01.jpg,1
./vgg_face2/n000129/0314_01.jpg,1
./vgg_face2/n000129/0073_01.jpg,1
./vgg_face2/n000129/0120_01.jpg,1
./vgg_face2/n000129/0572_01.jpg,1
./vgg_face2/n000129/0189_01.jpg,1
./vgg_face2/n000129/0238_01.jpg,1
./vgg_face2/n000129/0242_01.jpg,1
./vgg_face2/n000129/0080_01.jpg,1
./vgg_face2/n000129/0079_01.jpg,1
./vgg_face2/n000129/0482_09.jpg,1
./vgg_face2/n000129/0039_01.jpg,1
./vgg_face2/n000129/0290_01.jpg,1
./vgg_face2/n000129/0220_01.jpg,1
./vgg_face2/n000129/0306_03.jpg,1
./vgg_face2/n000129/0500_02.jpg,1
./vgg_face2/n000129/0624_02.jpg,1
./vgg_face2/n000129/0371_01.jpg,1
./vgg_face2/n000129/0403_01.jpg,1
./vgg_face2/n000129/0578_01.jpg,1
./vgg_face2/n000129/0564_01.jpg,1
./vgg_face2/n000129/0526_01.jpg,1
./vgg_face2/n000129/0318_01.jpg,1
./vgg_face2/n000129/0171_01.jpg,1
./vgg_face2/n000129/0276_01.jpg,1
./vgg_face2/n000129/0601_01.jpg,1
./vgg_face2/n000129/0329_01.jpg,1
./vgg_face2/n000129/0435_01.jpg,1
./vgg_face2/n000129/0370_01.jpg,1
./vgg_face2/n000129/0474_01.jpg,1
./vgg_face2/n000129/0008_01.jpg,1
./vgg_face2/n000129/0004_01.jpg,1
./vgg_face2/n000129/0429_03.jpg,1
./vgg_face2/n000129/0235_01.jpg,1
./vgg_face2/n000129/0513_02.jpg,1
./vgg_face2/n000129/0251_01.jpg,1
./vgg_face2/n000129/0338_01.jpg,1
./vgg_face2/n000129/0026_01.jpg,1
./vgg_face2/n000129/0313_02.jpg,1
./vgg_face2/n000129/0576_01.jpg,1
./vgg_face2/n000129/0121_01.jpg,1
./vgg_face2/n000129/0307_01.jpg,1
./vgg_face2/n000129/0221_01.jpg,1
./vgg_face2/n000129/0334_01.jpg,1
./vgg_face2/n000129/0319_01.jpg,1
./vgg_face2/n000129/0247_01.jpg,1
./vgg_face2/n000129/0234_01.jpg,1
./vgg_face2/n000129/0317_03.jpg,1
./vgg_face2/n000129/0627_05.jpg,1
./vgg_face2/n000129/0161_01.jpg,1
./vgg_face2/n000129/0169_01.jpg,1
./vgg_face2/n000129/0041_01.jpg,1
./vgg_face2/n000129/0409_01.jpg,1
./vgg_face2/n000129/0437_02.jpg,1
./vgg_face2/n000129/0602_01.jpg,1
./vgg_face2/n000129/0124_01.jpg,1
./vgg_face2/n000129/0633_01.jpg,1
./vgg_face2/n000129/0351_01.jpg,1
./vgg_face2/n000129/0070_01.jpg,1
./vgg_face2/n000129/0491_02.jpg,1
./vgg_face2/n000129/0209_01.jpg,1
./vgg_face2/n000129/0194_02.jpg,1
./vgg_face2/n000129/0400_01.jpg,1
./vgg_face2/n000129/0206_01.jpg,1
./vgg_face2/n000129/0468_01.jpg,1
./vgg_face2/n000129/0142_01.jpg,1
./vgg_face2/n000129/0558_01.jpg,1
./vgg_face2/n000129/0459_01.jpg,1
./vgg_face2/n000129/0005_01.jpg,1
./vgg_face2/n000129/0129_01.jpg,1
./vgg_face2/n000129/0059_01.jpg,1
./vgg_face2/n000129/0387_01.jpg,1
./vgg_face2/n000129/0160_01.jpg,1
./vgg_face2/n000129/0498_02.jpg,1
./vgg_face2/n000129/0625_02.jpg,1
./vgg_face2/n000129/0607_01.jpg,1
./vgg_face2/n000129/0143_01.jpg,1
./vgg_face2/n000129/0130_01.jpg,1
./vgg_face2/n000129/0289_02.jpg,1
./vgg_face2/n000129/0528_01.jpg,1
./vgg_face2/n000129/0421_01.jpg,1
./vgg_face2/n000129/0060_01.jpg,1
./vgg_face2/n000129/0424_01.jpg,1
./vgg_face2/n000129/0499_01.jpg,1
./vgg_face2/n000129/0267_01.jpg,1
./vgg_face2/n000129/0123_01.jpg,1
./vgg_face2/n000129/0107_01.jpg,1
./vgg_face2/n000129/0245_01.jpg,1
./vgg_face2/n000129/0374_02.jpg,1
./vgg_face2/n000129/0201_01.jpg,1
./vgg_face2/n000129/0352_01.jpg,1
./vgg_face2/n000129/0410_10.jpg,1
./vgg_face2/n000129/0162_01.jpg,1
./vgg_face2/n000129/0147_01.jpg,1
./vgg_face2/n000129/0197_02.jpg,1
./vgg_face2/n000129/0395_01.jpg,1
./vgg_face2/n000129/0391_02.jpg,1
./vgg_face2/n000129/0354_01.jpg,1
./vgg_face2/n000129/0436_02.jpg,1
./vgg_face2/n000129/0294_01.jpg,1
./vgg_face2/n000129/0449_02.jpg,1
./vgg_face2/n000129/0358_01.jpg,1
./vgg_face2/n000129/0105_01.jpg,1
./vgg_face2/n000129/0183_01.jpg,1
./vgg_face2/n000129/0114_01.jpg,1
./vgg_face2/n000129/0091_01.jpg,1
./vgg_face2/n000129/0229_01.jpg,1
./vgg_face2/n000129/0006_01.jpg,1
./vgg_face2/n000129/0113_01.jpg,1
./vgg_face2/n000129/0380_01.jpg,1
./vgg_face2/n000129/0159_01.jpg,1
./vgg_face2/n000129/0198_01.jpg,1
./vgg_face2/n000129/0298_02.jpg,1
./vgg_face2/n000129/0153_01.jpg,1
./vgg_face2/n000129/0103_01.jpg,1
./vgg_face2/n000129/0257_01.jpg,1
./vgg_face2/n000129/0356_01.jpg,1
./vgg_face2/n000129/0361_01.jpg,1
./vgg_face2/n000129/0511_01.jpg,1
./vgg_face2/n000129/0098_01.jpg,1
./vgg_face2/n000129/0339_01.jpg,1
./vgg_face2/n000129/0600_01.jpg,1
./vgg_face2/n000129/0628_03.jpg,1
./vgg_face2/n000129/0125_01.jpg,1
./vgg_face2/n000129/0453_01.jpg,1
./vgg_face2/n000129/0328_01.jpg,1
./vgg_face2/n000129/0376_01.jpg,1
./vgg_face2/n000129/0288_01.jpg,1
./vgg_face2/n000129/0368_01.jpg,1
./vgg_face2/n000129/0095_01.jpg,1
./vgg_face2/n000129/0126_01.jpg,1
./vgg_face2/n000129/0389_01.jpg,1
./vgg_face2/n000129/0275_01.jpg,1
./vgg_face2/n000129/0347_01.jpg,1
./vgg_face2/n000129/0218_01.jpg,1
./vgg_face2/n000129/0348_02.jpg,1
./vgg_face2/n000129/0127_01.jpg,1
./vgg_face2/n000129/0188_01.jpg,1
./vgg_face2/n000129/0193_01.jpg,1
./vgg_face2/n000129/0043_01.jpg,1
./vgg_face2/n000129/0007_01.jpg,1
./vgg_face2/n000129/0241_01.jpg,1
./vgg_face2/n000129/0569_01.jpg,1
./vgg_face2/n000129/0455_02.jpg,1
./vgg_face2/n000129/0365_01.jpg,1
./vgg_face2/n000129/0448_02.jpg,1
./vgg_face2/n000129/0036_01.jpg,1
./vgg_face2/n000129/0181_01.jpg,1
./vgg_face2/n000129/0301_02.jpg,1
./vgg_face2/n000129/0256_01.jpg,1
./vgg_face2/n000129/0456_01.jpg,1
./vgg_face2/n000129/0064_01.jpg,1
./vgg_face2/n000129/0024_01.jpg,1
./vgg_face2/n000129/0367_01.jpg,1
./vgg_face2/n000129/0510_02.jpg,1
./vgg_face2/n000129/0603_01.jpg,1
./vgg_face2/n000129/0249_01.jpg,1
./vgg_face2/n000129/0264_01.jpg,1
./vgg_face2/n000129/0035_01.jpg,1
./vgg_face2/n000129/0326_01.jpg,1
./vgg_face2/n000129/0581_01.jpg,1
./vgg_face2/n000129/0335_02.jpg,1
./vgg_face2/n000129/0255_01.jpg,1
./vgg_face2/n000129/0450_01.jpg,1
./vgg_face2/n000129/0439_01.jpg,1
./vgg_face2/n000129/0281_01.jpg,1
./vgg_face2/n000129/0101_01.jpg,1
./vgg_face2/n000129/0037_07.jpg,1
./vgg_face2/n000129/0128_01.jpg,1
./vgg_face2/n000129/0195_01.jpg,1
./vgg_face2/n000129/0190_01.jpg,1
./vgg_face2/n000129/0210_01.jpg,1
./vgg_face2/n000129/0443_01.jpg,1
./vgg_face2/n000129/0485_03.jpg,1
./vgg_face2/n000129/0444_01.jpg,1
./vgg_face2/n000129/0240_02.jpg,1
./vgg_face2/n000129/0567_01.jpg,1
./vgg_face2/n000129/0325_02.jpg,1
./vgg_face2/n000129/0119_01.jpg,1
./vgg_face2/n000129/0165_01.jpg,1
./vgg_face2/n000129/0032_01.jpg,1
./vgg_face2/n000129/0480_01.jpg,1
./vgg_face2/n000129/0100_01.jpg,1
./vgg_face2/n000129/0623_01.jpg,1
./vgg_face2/n000129/0591_01.jpg,1
./vgg_face2/n000129/0344_02.jpg,1
./vgg_face2/n000129/0166_01.jpg,1
./vgg_face2/n000129/0595_01.jpg,1
./vgg_face2/n000129/0106_01.jpg,1
./vgg_face2/n000129/0293_01.jpg,1
./vgg_face2/n000129/0379_01.jpg,1
./vgg_face2/n000129/0199_02.jpg,1
./vgg_face2/n000129/0259_01.jpg,1
./vgg_face2/n000129/0010_01.jpg,1
./vgg_face2/n000129/0375_01.jpg,1
./vgg_face2/n000129/0067_01.jpg,1
./vgg_face2/n000129/0568_01.jpg,1
./vgg_face2/n000129/0579_02.jpg,1
./vgg_face2/n000129/0345_01.jpg,1
./vgg_face2/n000129/0360_01.jpg,1
./vgg_face2/n000129/0441_01.jpg,1
./vgg_face2/n000129/0571_01.jpg,1
./vgg_face2/n000129/0025_01.jpg,1
./vgg_face2/n000129/0502_02.jpg,1
./vgg_face2/n000129/0495_01.jpg,1
./vgg_face2/n000129/0357_01.jpg,1
./vgg_face2/n000129/0300_01.jpg,1
./vgg_face2/n000129/0282_01.jpg,1
./vgg_face2/n000129/0353_01.jpg,1
./vgg_face2/n000129/0399_01.jpg,1
./vgg_face2/n000129/0173_01.jpg,1
./vgg_face2/n000129/0397_01.jpg,1
./vgg_face2/n000129/0472_01.jpg,1
./vgg_face2/n000129/0262_01.jpg,1
./vgg_face2/n000129/0536_02.jpg,1
./vgg_face2/n000129/0291_01.jpg,1
./vgg_face2/n000129/0072_01.jpg,1
./vgg_face2/n000129/0519_01.jpg,1
./vgg_face2/n000129/0279_01.jpg,1
./vgg_face2/n000129/0054_01.jpg,1
./vgg_face2/n000129/0104_01.jpg,1
./vgg_face2/n000129/0580_01.jpg,1
./vgg_face2/n000129/0422_01.jpg,1
./vgg_face2/n000129/0225_01.jpg,1
./vgg_face2/n000129/0610_04.jpg,1
./vgg_face2/n000129/0031_01.jpg,1
./vgg_face2/n000129/0384_01.jpg,1
./vgg_face2/n000129/0427_01.jpg,1
./vgg_face2/n000129/0401_02.jpg,1
./vgg_face2/n000129/0563_01.jpg,1
./vgg_face2/n000129/0033_01.jpg,1
./vgg_face2/n000129/0312_02.jpg,1
./vgg_face2/n000129/0560_01.jpg,1
./vgg_face2/n000129/0088_01.jpg,1
./vgg_face2/n000129/0432_02.jpg,1
./vgg_face2/n000129/0219_01.jpg,1
./vgg_face2/n000129/0566_01.jpg,1
./vgg_face2/n000129/0494_04.jpg,1
./vgg_face2/n000129/0488_01.jpg,1
./vgg_face2/n000129/0261_01.jpg,1
./vgg_face2/n000129/0484_01.jpg,1
./vgg_face2/n000129/0163_01.jpg,1
./vgg_face2/n000129/0405_01.jpg,1
./vgg_face2/n000129/0055_01.jpg,1
./vgg_face2/n000129/0258_02.jpg,1
./vgg_face2/n000129/0231_01.jpg,1
./vgg_face2/n000129/0065_01.jpg,1
./vgg_face2/n000129/0058_01.jpg,1
./vgg_face2/n000129/0094_01.jpg,1
./vgg_face2/n000129/0184_01.jpg,1
./vgg_face2/n000129/0366_01.jpg,1
./vgg_face2/n000129/0250_01.jpg,1
./vgg_face2/n000129/0442_01.jpg,1
./vgg_face2/n000129/0116_01.jpg,1
./vgg_face2/n000129/0081_01.jpg,1
./vgg_face2/n000129/0386_01.jpg,1
./vgg_face2/n000129/0287_01.jpg,1
./vgg_face2/n000129/0050_01.jpg,1
./vgg_face2/n000129/0419_01.jpg,1
./vgg_face2/n000129/0180_01.jpg,1
./vgg_face2/n000129/0148_01.jpg,1
./vgg_face2/n000129/0217_02.jpg,1
./vgg_face2/n000129/0381_01.jpg,1
./vgg_face2/n000129/0156_01.jpg,1
./vgg_face2/n000129/0028_01.jpg,1
./vgg_face2/n000129/0049_01.jpg,1
./vgg_face2/n000129/0187_01.jpg,1
./vgg_face2/n000129/0320_01.jpg,1
./vgg_face2/n000129/0069_01.jpg,1
./vgg_face2/n000129/0383_01.jpg,1
./vgg_face2/n000129/0402_02.jpg,1
./vgg_face2/n000129/0213_01.jpg,1
./vgg_face2/n000129/0349_01.jpg,1
./vgg_face2/n000129/0172_01.jpg,1
./vgg_face2/n000129/0364_01.jpg,1
./vgg_face2/n000129/0252_01.jpg,1
./vgg_face2/n000129/0378_01.jpg,1
./vgg_face2/n000129/0408_01.jpg,1
./vgg_face2/n000129/0108_01.jpg,1
./vgg_face2/n000129/0157_01.jpg,1
./vgg_face2/n000129/0042_01.jpg,1
./vgg_face2/n000129/0478_02.jpg,1
./vgg_face2/n000129/0109_01.jpg,1
./vgg_face2/n000129/0175_01.jpg,1
./vgg_face2/n000129/0605_01.jpg,1
./vgg_face2/n000129/0051_01.jpg,1
./vgg_face2/n000129/0418_01.jpg,1
./vgg_face2/n000129/0460_01.jpg,1
./vgg_face2/n000129/0593_01.jpg,1
./vgg_face2/n000129/0021_01.jpg,1
./vgg_face2/n000129/0489_01.jpg,1
./vgg_face2/n000129/0150_02.jpg,1
./vgg_face2/n000129/0296_01.jpg,1
./vgg_face2/n000129/0506_03.jpg,1
./vgg_face2/n000129/0385_01.jpg,1
./vgg_face2/n000129/0594_01.jpg,1
./vgg_face2/n000129/0076_01.jpg,1
./vgg_face2/n000129/0522_02.jpg,1
./vgg_face2/n000129/0423_01.jpg,1
./vgg_face2/n000129/0053_01.jpg,1
./vgg_face2/n000129/0179_01.jpg,1
./vgg_face2/n000129/0613_01.jpg,1
./vgg_face2/n000129/0630_01.jpg,1
./vgg_face2/n000129/0087_02.jpg,1
./vgg_face2/n000129/0588_01.jpg,1
./vgg_face2/n000129/0311_01.jpg,1
./vgg_face2/n000129/0394_01.jpg,1
